Paso,Tiempo_ms
0,4
50,228
100,482
150,803
200,1070
250,1289
300,1691
350,2394
400,3072
450,3514
500,4204
550,4923
600,5558
650,6083
700,6498
750,6971
800,8054
850,8627
900,9623
950,10147
1000,10545
1050,11134
1100,11634
1150,12162
1200,12706
1250,13385
1300,13900
1350,14448
1400,15791
1450,16345
1500,16959
1550,17653
1600,18179
1650,18902
1700,19486
1750,20121
1800,21099
1850,21770
1900,22350
1950,22988
2000,23608
2050,24259
2100,24877
2150,25434
2200,26274
2250,27088
2300,27702
2350,28357
2400,29101
2450,29678
2500,30459
2550,31184
2600,31888
2650,32459
2700,33079
2750,33696
2800,34343
2850,34982
2900,35551
2950,36317
3000,37092
3050,37691
3100,38409
3150,39043
3200,39650
3250,40411
3300,40973
3350,41560
3400,42469
3450,43192
3500,43665
3550,44244
3600,44882
3650,45490
3700,46044
3750,46534
3800,47220
3850,48139
3900,49020
3950,49561
4000,50205
4050,50951
4100,51515
4150,52091
4200,52697
4250,53496
4300,54286
4350,54928
4400,55492
4450,56100
4500,56612
4550,57156
4600,57772
4650,58195
4700,59167
4750,59739
4800,60436
4850,61048
4900,61582
4950,62255
5000,62896
5050,63459
5100,64414
5150,65124
5200,65751
5250,66385
5300,67007
5350,67678
5400,68266
5450,68878
5500,69711
5550,70290
5600,71021
5650,71607
5700,72354
5750,73077
5800,73661
5850,74298
5900,74982
5950,75569
6000,76367
6050,77087
6100,77698
6150,78314
6200,78888
6250,79404
6300,80260
6350,81016
6400,81553
6450,82125
6500,82714
6550,83352
6600,83881
6650,84631
6700,85364
6750,86359
6800,86900
6850,87453
6900,88041
6950,88565
7000,89175
7050,89587
7100,90048
7150,90690
7200,91223
7250,91779
7300,92375
7350,92958
7400,93520
7450,94168
7500,94683
7550,95213
7600,96014
7650,96551
7700,97183
7750,97685
7800,98112
7850,98511
7900,99136
7950,99581
8000,100006
8050,100483
8100,101446
8150,101883
8200,102137
8250,102553
8300,102802
8350,103041
8400,103277
8450,103551
8500,103871
8550,104155
8600,104456
8650,104743
8700,104970
8750,105160
8800,105368
8850,105572
8900,105831
8950,106037
9000,106314
9050,106572
9100,106816
9150,107163
9200,107741
9250,108370
9300,109030
9350,109454
9400,109857
9450,110442
9500,111132
9550,111785
9600,112370
9650,112973
9700,113607
9750,114311
9800,114871
9850,115083
9900,115273
9950,115468
10000,115782
10050,116092
10100,116342
10150,116674
10200,116929
10250,117159
10300,117370
10350,117649
10400,117841
10450,118086
10500,118440
10550,118707
10600,118960
10650,119181
10700,119423
10750,120153
10800,120838
10850,121487
10900,122180
10950,122779
11000,123488
11050,124004
11100,124416
11150,124862
11200,125528
11250,126190
11300,126705
11350,127794
11400,128486
11450,129088
11500,129924
11550,130639
11600,131408
11650,132020
11700,132788
11750,133535
11800,134192
11850,134928
11900,135483
11950,136357
12000,137352
12050,138078
12100,138625
12150,139339
12200,140020
12250,140637
12300,141230
12350,141753
12400,142293
12450,143412
12500,144130
12550,144714
12600,145274
12650,145507
12700,145698
12750,145926
12800,146279
12850,146499
12900,146755
12950,146937
13000,147101
13050,147389
13100,147601
13150,147805
13200,148034
13250,148226
13300,148411
13350,148643
13400,148901
13450,149197
13500,149373
13550,149566
13600,149817
13650,150084
13700,150372
13750,150658
13800,151016
13850,151276
13900,151547
13950,151734
14000,152134
14050,152453
14100,152883
14150,153210
14200,153589
14250,153907
14300,154139
14350,154518
14400,154874
14450,155102
14500,155499
14550,155923
14600,156198
14650,156566
14700,156880
14750,157126
14800,157401
14850,157723
14900,157989
14950,158281
15000,158665
15050,158992
15100,159306
15150,159665
15200,159992
15250,160220
15300,160581
15350,160864
15400,161158
15450,161418
15500,161632
15550,161966
15600,162246
15650,162494
15700,162679
15750,163011
15800,163310
15850,163637
15900,163977
15950,164287
16000,164557
16050,164821
16100,165111
16150,165410
16200,165687
16250,166020
16300,166379
16350,166650
16400,167040
16450,167305
16500,167583
16550,167907
16600,168186
16650,168467
16700,168790
16750,169045
16800,169297
16850,169568
16900,169894
16950,170182
17000,170456
17050,170772
17100,171072
17150,171345
17200,171658
17250,171911
17300,172198
17350,172474
17400,172750
17450,173014
17500,173285
17550,173525
17600,173800
17650,174038
17700,174339
17750,174636
17800,175049
17850,175331
17900,175711
17950,176056
18000,176283
18050,176591
18100,176813
18150,177036
18200,177352
18250,177637
18300,177912
18350,178209
18400,178454
18450,178723
18500,179021
18550,179297
18600,179581
18650,179904
18700,180207
18750,180487
18800,180821
18850,181095
18900,181404
18950,181675
19000,181940
19050,182215
19100,182477
19150,182775
19200,183078
19250,183379
19300,183680
19350,183970
19400,184227
19450,184506
19500,184832
19550,185123
19600,185418
19650,185720
19700,186009
19750,186348
19800,186581
19850,186802
19900,187078
19950,187386
20000,187697
20050,187992
20100,188295
20150,188570
20200,188865
20250,189153
20300,189473
20350,189730
20400,190064
20450,190359
20500,190618
20550,190940
20600,191252
20650,191496
20700,191745
20750,191966
20800,192165
20850,192425
20900,192715
20950,192966
21000,193269
21050,193549
21100,193833
21150,194102
21200,194403
21250,194623
21300,194921
21350,195192
21400,195473
21450,195742
21500,196036
21550,196322
21600,196600
21650,196802
21700,197056
21750,197442
21800,197737
21850,198002
21900,198262
21950,198541
22000,198828
22050,199078
22100,199296
22150,199506
22200,199775
22250,200015
22300,200297
22350,200544
22400,200798
22450,201083
22500,201303
22550,201543
22600,201772
22650,202076
22700,202318
22750,202568
22800,202870
22850,203126
22900,203400
22950,203677
23000,203971
23050,204250
23100,204563
23150,204845
23200,205071
23250,205390
23300,205661
23350,205958
23400,206201
23450,206518
23500,206765
23550,207046
23600,207350
23650,207553
23700,207829
23750,208136
23800,208440
23850,208734
23900,209052
23950,209332
24000,209636
24050,209993
24100,210280
24150,210558
24200,210912
24250,211244
24300,211545
24350,211811
24400,212113
24450,212325
24500,212667
24550,212908
24600,213229
24650,213526
24700,213830
24750,214038
24800,214363
24850,214678
24900,214969
24950,215250
25000,215561
25050,215892
25100,216167
25150,216480
25200,216669
25250,216919
25300,217142
25350,217375
25400,217685
25450,217995
25500,218261
25550,218492
25600,218725
25650,218953
25700,219228
25750,219532
25800,219763
25850,219930
25900,220151
25950,220438
26000,220676
26050,220988
26100,221284
26150,221586
26200,221881
26250,222154
26300,222409
26350,222667
26400,222975
26450,223232
26500,223546
26550,223874
26600,224099
26650,224361
26700,224575
26750,224819
26800,225029
26850,225339
26900,225648
26950,225963
27000,226266
27050,226566
27100,226834
27150,227104
27200,227363
27250,227617
27300,227909
27350,228134
27400,228422
27450,228760
27500,229081
27550,229331
27600,229666
27650,230009
27700,230256
27750,230528
27800,230803
27850,231050
27900,231362
27950,231677
28000,231919
28050,232214
28100,232506
28150,232729
28200,233004
28250,233371
28300,233641
28350,233938
28400,234177
28450,234374
28500,234603
28550,234892
28600,235167
28650,235485
28700,235747
28750,236040
28800,236369
28850,236630
28900,236888
28950,237144
29000,237387
29050,237634
29100,237827
29150,238173
29200,238455
29250,238766
29300,239077
29350,239361
29400,239621
29450,239993
29500,240251
29550,240464
29600,240754
29650,241114
29700,241480
29750,241792
29800,242099
29850,242370
29900,242691
29950,242954
30000,243178
30050,243469
30100,243662
30150,243967
30200,244179
30250,244497
30300,244824
30350,245135
30400,245473
30450,245712
30500,246043
30550,246319
30600,246575
30650,246789
30700,247034
30750,247316
30800,247606
30850,247898
30900,248103
30950,248370
31000,248624
31050,248831
31100,249032
31150,249289
31200,249583
31250,249886
31300,250178
31350,250515
31400,250783
31450,251083
31500,251381
31550,251663
31600,251945
31650,252257
31700,252561
31750,252868
31800,253099
31850,253361
31900,253614
31950,253912
32000,254171
32050,254382
32100,254631
32150,254850
32200,255062
32250,255216
32300,255459
32350,255662
32400,255913
32450,256180
32500,256434
32550,256702
32600,256998
32650,257284
32700,257572
32750,257853
32800,258150
32850,258466
32900,258723
32950,259052
33000,259238
33050,259567
33100,259956
33150,260231
33200,260532
33250,260905
33300,261224
33350,261526
33400,261771
33450,262056
33500,262341
33550,262637
33600,262953
33650,263202
33700,263478
33750,263734
33800,264003
33850,264291
33900,264576
33950,264917
34000,265188
34050,265448
34100,265781
34150,266095
34200,266374
34250,266719
34300,267000
34350,267308
34400,267600
34450,267904
34500,268179
34550,268440
34600,268723
34650,269044
34700,269364
34750,269660
34800,269939
34850,270209
34900,270517
34950,270828
35000,271070
35050,271331
35100,271637
35150,271964
35200,272235
35250,272522
35300,272831
35350,273131
35400,273390
35450,273627
35500,273952
35550,274245
35600,274562
35650,274964
35700,275225
35750,275518
35800,275824
35850,276099
35900,276371
35950,276582
36000,276752
36050,276997
36100,277302
36150,277619
36200,277913
36250,278215
36300,278506
36350,278759
36400,279098
36450,279360
36500,279661
36550,279963
36600,280244
36650,280426
36700,280652
36750,280976
36800,281273
36850,281573
36900,281872
36950,282230
37000,282483
37050,282767
37100,283069
37150,283383
37200,283643
37250,283930
37300,284212
37350,284527
37400,284817
37450,285100
37500,285369
37550,285623
37600,285892
37650,286203
37700,286517
37750,286807
37800,287072
37850,287378
37900,287669
37950,287973
38000,288308
38050,288566
38100,288775
38150,289091
38200,289333
38250,289634
38300,289875
38350,290188
38400,290488
38450,290740
38500,291026
38550,291357
38600,291658
38650,291916
38700,292140
38750,292449
38800,292690
38850,292954
38900,293268
38950,293526
39000,293723
39050,293933
39100,294232
39150,294480
39200,294694
39250,294989
39300,295315
39350,295531
39400,295780
39450,295972
39500,296178
39550,296400
39600,296630
39650,296919
39700,297165
39750,297453
39800,297777
39850,298011
39900,298288
39950,298599
40000,298834
40050,299135
40100,299426
40150,299758
40200,299985
40250,300348
40300,300649
40350,300938
40400,301176
40450,301518
40500,301795
40550,302129
40600,302454
40650,302740
40700,303049
40750,303354
40800,303643
40850,303888
40900,304213
40950,304530
41000,304845
41050,305105
41100,305374
41150,305636
41200,305858
41250,306078
41300,306352
41350,306632
41400,306828
41450,307020
41500,307250
41550,307506
41600,307753
41650,307977
41700,308276
41750,308500
41800,308762
41850,308993
41900,309238
41950,309473
42000,309801
42050,310151
42100,310445
42150,310712
42200,311021
42250,311308
42300,311559
42350,311887
42400,312144
42450,312444
42500,312744
42550,313018
42600,313338
42650,313583
42700,313915
42750,314104
42800,314377
42850,314598
42900,314856
42950,315155
43000,315444
43050,315750
43100,316062
43150,316330
43200,316623
43250,316900
43300,317275
43350,317584
43400,317892
43450,318240
43500,318529
43550,318828
43600,319114
43650,319390
43700,319698
43750,319985
43800,320297
43850,320572
43900,320878
43950,321215
44000,321550
44050,321893
44100,322255
44150,322513
44200,322828
44250,323158
44300,323446
44350,323722
44400,324031
44450,324308
44500,324615
44550,324896
44600,325226
44650,325516
44700,325833
44750,326085
44800,326405
44850,326673
44900,326893
44950,327161
45000,327464
45050,327677
45100,327937
45150,328195
45200,328436
45250,328701
45300,329102
45350,329348
45400,329587
45450,329858
45500,330166
45550,330436
45600,330706
45650,331029
45700,331339
45750,331666
45800,331937
45850,332232
45900,332484
45950,332791
46000,333084
46050,333402
46100,333688
46150,333972
46200,334246
46250,334530
46300,334814
46350,334997
46400,335235
46450,335453
46500,335716
46550,335948
46600,336118
46650,336261
46700,336465
46750,336685
46800,336854
46850,337119
46900,337430
46950,337676
47000,337890
47050,338176
47100,338433
47150,338692
47200,338932
47250,339253
47300,339454
47350,339695
47400,339870
47450,340016
47500,340168
47550,340326
47600,340521
47650,340766
47700,341048
47750,341253
47800,341503
47850,341717
47900,341969
47950,342235
48000,342509
48050,342747
48100,342870
48150,342997
48200,343109
48250,343222
48300,343337
48350,343448
48400,343561
48450,343674
48500,343864
48550,344007
48600,344147
48650,344278
48700,344421
48750,344574
48800,344709
48850,344847
48900,344974
48950,345110
49000,345277
49050,345407
49100,345532
49150,345667
49200,345801
49250,345925
49300,346078
49350,346279
49400,346484
49450,346630
49500,346781
49550,346932
49600,347074
49650,347242
49700,347645
49750,347814
49800,347990
49850,348143
49900,348308
49950,348588
50000,348831
50050,349108
50100,349351
50150,349608
50200,349826
50250,350106
50300,350304
50350,350481
50400,350681
50450,351006
50500,351288
50550,351563
50600,351797
50650,352065
50700,352311
50750,352553
50800,352767
50850,352999
50900,353219
50950,353451
51000,353683
51050,353953
51100,354209
51150,354437
51200,354622
51250,354815
51300,355031
51350,355277
51400,355503
51450,355724
51500,355939
51550,356154
51600,356348
51650,356625
51700,356883
51750,357131
51800,357352
51850,357623
51900,357867
51950,358126
52000,358384
52050,358653
52100,358865
52150,359112
52200,359354
52250,359587
52300,359815
52350,360051
52400,360291
52450,360524
52500,360747
52550,360980
52600,361220
52650,361458
52700,361698
52750,361956
52800,362189
52850,362390
52900,362633
52950,362834
53000,363107
53050,363337
53100,363582
53150,363828
53200,364079
53250,364343
53300,364619
53350,364861
53400,365080
53450,365289
53500,365534
53550,365804
53600,366027
53650,366252
53700,366552
53750,366788
53800,367073
53850,367328
53900,367575
53950,367869
54000,368180
54050,368386
54100,368634
54150,368930
54200,369329
54250,369589
54300,370019
54350,370200
54400,370420
54450,370722
54500,370950
54550,371236
54600,371485
54650,371756
54700,372047
54750,372300
54800,372585
54850,372843
54900,373069
54950,373335
55000,373610
55050,373874
55100,374161
55150,374446
55200,374726
55250,374960
55300,375163
55350,375444
55400,375704
55450,375969
55500,376258
55550,376477
55600,376682
55650,376928
55700,377203
55750,377477
55800,377753
55850,377978
55900,378148
55950,378309
56000,378504
56050,378824
56100,379104
56150,379459
56200,379712
56250,379957
56300,380202
56350,380463
56400,380729
56450,381047
56500,381246
56550,381416
56600,381625
56650,381919
56700,382231
56750,382518
56800,382739
56850,383004
56900,383243
56950,383536
57000,383780
57050,384024
57100,384338
57150,384595
57200,384884
57250,385181
57300,385428
57350,385618
57400,385857
57450,386131
57500,386460
57550,386721
57600,386961
57650,387183
57700,387349
57750,387582
57800,387836
57850,388100
57900,388370
57950,388602
58000,388838
58050,389060
58100,389267
58150,389495
58200,389717
58250,390002
58300,390234
58350,390443
58400,390717
58450,390941
58500,391174
58550,391401
58600,391602
58650,391840
58700,392063
58750,392322
58800,392535
58850,392779
58900,393091
58950,393374
59000,393604
59050,393871
59100,394150
59150,394406
59200,394649
59250,394852
59300,395118
59350,395353
59400,395560
59450,395792
59500,396031
59550,396271
59600,396520
59650,396725
59700,396956
59750,397204
59800,397405
59850,397655
59900,397867
59950,398063
60000,398277
60050,398518
60100,398736
60150,398965
60200,399192
60250,399494
60300,399687
60350,399922
60400,400119
60450,400341
60500,400585
60550,400838
60600,401030
60650,401259
60700,401488
60750,401670
60800,401914
60850,402097
60900,402352
60950,402545
61000,402759
61050,402964
61100,403206
61150,403462
61200,403682
61250,403862
61300,404100
61350,404335
61400,404568
61450,404806
61500,405074
61550,405321
61600,405550
61650,405762
61700,405966
61750,406194
61800,406458
61850,406687
61900,406929
61950,407264
62000,407686
62050,407917
62100,408089
62150,408462
62200,408881
62250,409159
62300,409422
62350,409640
62400,409911
62450,410143
62500,410735
62550,411022
62600,411237
62650,411801
62700,412178
62750,412410
62800,412633
62850,412845
62900,413097
62950,413495
63000,413923
63050,414346
63100,414726
63150,414985
63200,415251
63250,415427
63300,415670
63350,415869
63400,416085
63450,416301
63500,416523
63550,416739
63600,416990
63650,417205
63700,417446
63750,417708
63800,417971
63850,418208
63900,418638
63950,418894
64000,419120
64050,419375
64100,419614
64150,419845
64200,420096
64250,420341
64300,420877
64350,421287
64400,421554
64450,421845
64500,422154
64550,422365
64600,422590
64650,423143
64700,423385
64750,423627
64800,423851
64850,424102
64900,424344
64950,424610
65000,424848
65050,425084
65100,425328
65150,425566
65200,425769
65250,425975
65300,426225
65350,426480
65400,426741
65450,426999
65500,427290
65550,427534
65600,427800
65650,428049
65700,428284
65750,428485
65800,428721
65850,428970
65900,429227
65950,429472
66000,429730
66050,429966
66100,430201
66150,430464
66200,430649
66250,430887
66300,431097
66350,431331
66400,431609
66450,431822
66500,432096
66550,432295
66600,432522
66650,432770
66700,433043
66750,433302
66800,433579
66850,433806
66900,434093
66950,434398
67000,434736
67050,434986
67100,435242
67150,435482
67200,435707
67250,435990
67300,436190
67350,436370
67400,436580
67450,436802
67500,437027
67550,437296
67600,437498
67650,437713
67700,437960
67750,438194
67800,438419
67850,438657
67900,438948
67950,439188
68000,439418
68050,439653
68100,439961
68150,440187
68200,440434
68250,440661
68300,440921
68350,441117
68400,441367
68450,441589
68500,441896
68550,442194
68600,442421
68650,442644
68700,442867
68750,443102
68800,443294
68850,443530
68900,443765
68950,444017
69000,444232
69050,444470
69100,444725
69150,444933
69200,445160
69250,445373
69300,445572
69350,445821
69400,446081
69450,446328
69500,446561
69550,446764
69600,447032
69650,447291
69700,447512
69750,447749
69800,447984
69850,448207
69900,448441
69950,448638
70000,448862
70050,449080
70100,449335
70150,449590
70200,449797
70250,450013
70300,450289
70350,450504
70400,450743
70450,450992
70500,451229
70550,451454
70600,451744
70650,451967
70700,452233
70750,452436
70800,452659
70850,452875
70900,453105
70950,453331
71000,453577
71050,453794
71100,454032
71150,454259
71200,454469
71250,454729
71300,455002
71350,455234
71400,455510
71450,455728
71500,455989
71550,456238
71600,456454
71650,456745
71700,457019
71750,457305
71800,457534
71850,457793
71900,458043
71950,458312
72000,458543
72050,458825
72100,459060
72150,459267
72200,459506
72250,459743
72300,460086
72350,460321
72400,460525
72450,460770
72500,460981
72550,461201
72600,461453
72650,461676
72700,461919
72750,462143
72800,462369
72850,462589
72900,462821
72950,463025
73000,463259
73050,463476
73100,463712
73150,463991
73200,464224
73250,464443
73300,464675
73350,464941
73400,465166
73450,465335
73500,465575
73550,465840
73600,466077
73650,466288
73700,466553
73750,466796
73800,466988
73850,467211
73900,467413
73950,467629
74000,467851
74050,468080
74100,468295
74150,468529
74200,468690
74250,468905
74300,469079
74350,469296
74400,469483
74450,469726
74500,469960
74550,470250
74600,470489
74650,470677
74700,470927
74750,471199
74800,471434
74850,471707
74900,471968
74950,472240
75000,472498
75050,472741
75100,472954
75150,473204
75200,473458
75250,473692
75300,473990
75350,474267
75400,474517
75450,474771
75500,475013
75550,475285
75600,475548
75650,475786
75700,476038
75750,476296
75800,476545
75850,476810
75900,477033
75950,477296
76000,477521
76050,477747
76100,477975
76150,478191
76200,478490
76250,478744
76300,478975
76350,479228
76400,479633
76450,479938
76500,480255
76550,480465
76600,480713
76650,480943
76700,481236
76750,481476
76800,481807
76850,482098
76900,482352
76950,482628
77000,482941
77050,483193
77100,483615
77150,483989
77200,484356
77250,484624
77300,484850
77350,485051
77400,485306
77450,485553
77500,485771
77550,486017
77600,486270
77650,486532
77700,486750
77750,486980
77800,487193
77850,487393
77900,487580
77950,487768
78000,488004
78050,488206
78100,488403
78150,488581
78200,488786
78250,489056
78300,489293
78350,489556
78400,489820
78450,490097
78500,490424
78550,490726
78600,490926
78650,491191
78700,491419
78750,491719
78800,491977
78850,492250
78900,492476
78950,492759
79000,492990
79050,493257
79100,493534
79150,493787
79200,494014
79250,494290
79300,494508
79350,494695
79400,494953
79450,495203
79500,495413
79550,495694
79600,495943
79650,496159
79700,496360
79750,496575
79800,496776
79850,497058
79900,497287
79950,497525
80000,497757
80050,498017
80100,498244
80150,498449
80200,498722
80250,498982
80300,499255
80350,499514
80400,499722
80450,499914
80500,500192
80550,500408
80600,500641
80650,500897
80700,501126
80750,501329
80800,501541
80850,501729
80900,501930
80950,502135
81000,502329
81050,502533
81100,502718
81150,502951
81200,503176
81250,503393
81300,503603
81350,503830
81400,504059
81450,504286
81500,504508
81550,504740
81600,505070
81650,505348
81700,505583
81750,505824
81800,506040
81850,506250
81900,506528
81950,506812
82000,507077
82050,507299
82100,507520
82150,507745
82200,507955
82250,508165
82300,508382
82350,508632
82400,508882
82450,509126
82500,509369
82550,509593
82600,509806
82650,510036
82700,510282
82750,510551
82800,510777
82850,511006
82900,511228
82950,511445
83000,511711
83050,511957
83100,512169
83150,512396
83200,512655
83250,512890
83300,513156
83350,513340
83400,513587
83450,513827
83500,514073
83550,514331
83600,514546
83650,514815
83700,515084
83750,515328
83800,515598
83850,515805
83900,516046
83950,516294
84000,516537
84050,516759
84100,517003
84150,517277
84200,517524
84250,517765
84300,518023
84350,518297
84400,518544
84450,518779
84500,519026
84550,519260
84600,519503
84650,519727
84700,519979
84750,520282
84800,520473
84850,520712
84900,520972
84950,521229
85000,521474
85050,521699
85100,521976
85150,522260
85200,522466
85250,522677
85300,522920
85350,523173
85400,523386
85450,523629
85500,523853
85550,524077
85600,524362
85650,524661
85700,524916
85750,525151
85800,525380
85850,525638
85900,525895
85950,526150
86000,526430
86050,526664
86100,526882
86150,527095
86200,527316
86250,527552
86300,527722
86350,527924
86400,528170
86450,528379
86500,528655
86550,528889
86600,529155
86650,529400
86700,529663
86750,529932
86800,530129
86850,530340
86900,530590
86950,530859
87000,531200
87050,531526
87100,531853
87150,532147
87200,532403
87250,532676
87300,532927
87350,533129
87400,533358
87450,533595
87500,533825
87550,534069
87600,534298
87650,534523
87700,534772
87750,535050
87800,535295
87850,535540
87900,535763
87950,536030
88000,536312
88050,536548
88100,536788
88150,537059
88200,537287
88250,537617
88300,537875
88350,538142
88400,538455
88450,538830
88500,539199
88550,539604
88600,539948
88650,540228
88700,540571
88750,540919
88800,541274
88850,541517
88900,541770
88950,542021
89000,542283
89050,542534
89100,542749
89150,542971
89200,543205
89250,543421
89300,543642
89350,543864
89400,544125
89450,544327
89500,544569
89550,544825
89600,545101
89650,545351
89700,545652
89750,545902
89800,546171
89850,546425
89900,546716
89950,546921
90000,547210
90050,547484
90100,547729
90150,547947
90200,548237
90250,548564
90300,548802
90350,549043
90400,549315
90450,549549
90500,549827
90550,550064
90600,550310
90650,550621
90700,550897
90750,551136
90800,551437
90850,551727
90900,551945
90950,552139
91000,552400
91050,552638
91100,552867
91150,553095
91200,553375
91250,553655
91300,553887
91350,554085
91400,554378
91450,554599
91500,554795
91550,554984
91600,555189
91650,555420
91700,555645
91750,555838
91800,556119
91850,556341
91900,556554
91950,556749
92000,556976
92050,557192
92100,557468
92150,557715
92200,557967
92250,558246
92300,558536
92350,558809
92400,559028
92450,559231
92500,559475
92550,559724
92600,559998
92650,560232
92700,560488
92750,560766
92800,561016
92850,561222
92900,561449
92950,561694
93000,561920
93050,562177
93100,562406
93150,562615
93200,562839
93250,563093
93300,563297
93350,563499
93400,563776
93450,564013
93500,564237
93550,564444
93600,564703
93650,564913
93700,565140
93750,565402
93800,565613
93850,565827
93900,566070
93950,566331
94000,566604
94050,566882
94100,567125
94150,567387
94200,567624
94250,567832
94300,568033
94350,568262
94400,568512
94450,568735
94500,568981
94550,569178
94600,569432
94650,569648
94700,569869
94750,570086
94800,570334
94850,570570
94900,570842
94950,571056
95000,571296
95050,571657
95100,571936
95150,572173
95200,572393
95250,572626
95300,572852
95350,573062
95400,573285
95450,573489
95500,573747
95550,574021
95600,574367
95650,574827
95700,575136
95750,575520
95800,575916
95850,576299
95900,576637
95950,576953
96000,577395
96050,577776
96100,578038
96150,578242
96200,578468
96250,578719
96300,578989
96350,579207
96400,579432
96450,579653
96500,579856
96550,580101
96600,580356
96650,580605
96700,580869
96750,581089
96800,581312
96850,581523
96900,581756
96950,582031
97000,582327
97050,582777
97100,583175
97150,583395
97200,583640
97250,583872
97300,584147
97350,584456
97400,584747
97450,584960
97500,585233
97550,585527
97600,585795
97650,586030
97700,586266
97750,586474
97800,586700
97850,586941
97900,587198
97950,587456
98000,587655
98050,587886
98100,588118
98150,588343
98200,588586
98250,588818
98300,589049
98350,589263
98400,589498
98450,589732
98500,589976
98550,590208
98600,590476
98650,590721
98700,590954
98750,591209
98800,591441
98850,591679
98900,591937
98950,592130
99000,592402
99050,592612
99100,592844
99150,593067
99200,593339
99250,593550
99300,593793
99350,594060
99400,594284
99450,594509
99500,594740
99550,594965
99600,595203
99650,595436
99700,595650
99750,595909
99800,596153
99850,596399
99900,596608
99950,596821
